email,password
user1@example.com,password1
user2@example.com,password2
user3@example.com,password3
user4@example.com,password4
user5@example.com,password5
user6@example.com,password6
user7@example.com,password7
user8@example.com,password8
user9@example.com,password9
user10@example.com,password10
user11@example.com,password11
user12@example.com,password12
user13@example.com,password13
user14@example.com,password14
user15@example.com,password15
user16@example.com,password16
user17@example.com,password17
user18@example.com,password18
user19@example.com,password19
user20@example.com,password20
user21@example.com,password21
user22@example.com,password22
user23@example.com,password23
user24@example.com,password24
user25@example.com,password25
user26@example.com,password26
user27@example.com,password27
user28@example.com,password28
user29@example.com,password29
user30@example.com,password30
user31@example.com,password31
user32@example.com,password32
user33@example.com,password33
user34@example.com,password34
user35@example.com,password35
user36@example.com,password36
user37@example.com,password37
user38@example.com,password38
user39@example.com,password39
user40@example.com,password40
user41@example.com,password41
user42@example.com,password42
user43@example.com,password43
user44@example.com,password44
user45@example.com,password45
user46@example.com,password46
user47@example.com,password47
user48@example.com,password48
user49@example.com,password49
user50@example.com,password50
user51@example.com,password51
user52@example.com,password52
user53@example.com,password53
user54@example.com,password54
user55@example.com,password55
user56@example.com,password56
user57@example.com,password57
user58@example.com,password58
user59@example.com,password59
user60@example.com,password60
user61@example.com,password61
user62@example.com,password62
user63@example.com,password63
user64@example.com,password64
user65@example.com,password65
user66@example.com,password66
user67@example.com,password67
user68@example.com,password68
user69@example.com,password69
user70@example.com,password70
user71@example.com,password71
user72@example.com,password72
user73@example.com,password73
user74@example.com,password74
user75@example.com,password75
user76@example.com,password76
user77@example.com,password77
user78@example.com,password78
user79@example.com,password79
user80@example.com,password80
user81@example.com,password81
user82@example.com,password82
user83@example.com,password83
user84@example.com,password84
user85@example.com,password85
user86@example.com,password86
user87@example.com,password87
user88@example.com,password88
user89@example.com,password89
user90@example.com,password90
user91@example.com,password91
user92@example.com,password92
user93@example.com,password93
user94@example.com,password94
user95@example.com,password95
user96@example.com,password96
user97@example.com,password97
user98@example.com,password98
user99@example.com,password99
user100@example.com,password100
user101@example.com,password101
user102@example.com,password102
user103@example.com,password103
user104@example.com,password104
user105@example.com,password105
user106@example.com,password106
user107@example.com,password107
user108@example.com,password108
user109@example.com,password109
user110@example.com,password110
user111@example.com,password111
user112@example.com,password112
user113@example.com,password113
user114@example.com,password114
user115@example.com,password115
user116@example.com,password116
user117@example.com,password117
user118@example.com,password118
user119@example.com,password119
user120@example.com,password120
user121@example.com,password121
user122@example.com,password122
user123@example.com,password123
user124@example.com,password124
user125@example.com,password125
user126@example.com,password126
user127@example.com,password127
user128@example.com,password128
user129@example.com,password129
user130@example.com,password130
user131@example.com,password131
user132@example.com,password132
user133@example.com,password133
user134@example.com,password134
user135@example.com,password135
user136@example.com,password136
user137@example.com,password137
user138@example.com,password138
user139@example.com,password139
user140@example.com,password140
user141@example.com,password141
user142@example.com,password142
user143@example.com,password143
user144@example.com,password144
user145@example.com,password145
user146@example.com,password146
user147@example.com,password147
user148@example.com,password148
user149@example.com,password149
user150@example.com,password150
user151@example.com,password151
user152@example.com,password152
user153@example.com,password153
user154@example.com,password154
user155@example.com,password155
user156@example.com,password156
user157@example.com,password157
user158@example.com,password158
user159@example.com,password159
user160@example.com,password160
user161@example.com,password161
user162@example.com,password162
user163@example.com,password163
user164@example.com,password164
user165@example.com,password165
user166@example.com,password166
user167@example.com,password167
user168@example.com,password168
user169@example.com,password169
user170@example.com,password170
user171@example.com,password171
user172@example.com,password172
user173@example.com,password173
user174@example.com,password174
user175@example.com,password175
user176@example.com,password176
user177@example.com,password177
user178@example.com,password178
user179@example.com,password179
user180@example.com,password180
user181@example.com,password181
user182@example.com,password182
user183@example.com,password183
user184@example.com,password184
user185@example.com,password185
user186@example.com,password186
user187@example.com,password187
user188@example.com,password188
user189@example.com,password189
user190@example.com,password190
user191@example.com,password191
user192@example.com,password192
user193@example.com,password193
user194@example.com,password194
user195@example.com,password195
user196@example.com,password196
user197@example.com,password197
user198@example.com,password198
user199@example.com,password199
user200@example.com,password200
user201@example.com,password201
user202@example.com,password202
user203@example.com,password203
user204@example.com,password204
user205@example.com,password205
user206@example.com,password206
user207@example.com,password207
user208@example.com,password208
user209@example.com,password209
user210@example.com,password210
user211@example.com,password211
user212@example.com,password212
user213@example.com,password213
user214@example.com,password214
user215@example.com,password215
user216@example.com,password216
user217@example.com,password217
user218@example.com,password218
user219@example.com,password219
user220@example.com,password220
user221@example.com,password221
user222@example.com,password222
user223@example.com,password223
user224@example.com,password224
user225@example.com,password225
user226@example.com,password226
user227@example.com,password227
user228@example.com,password228
user229@example.com,password229
user230@example.com,password230
user231@example.com,password231
user232@example.com,password232
user233@example.com,password233
user234@example.com,password234
user235@example.com,password235
user236@example.com,password236
user237@example.com,password237
user238@example.com,password238
user239@example.com,password239
user240@example.com,password240
user241@example.com,password241
user242@example.com,password242
user243@example.com,password243
user244@example.com,password244
user245@example.com,password245
user246@example.com,password246
user247@example.com,password247
user248@example.com,password248
user249@example.com,password249
user250@example.com,password250
user251@example.com,password251
user252@example.com,password252
user253@example.com,password253
user254@example.com,password254
user255@example.com,password255
user256@example.com,password256
user257@example.com,password257
user258@example.com,password258
user259@example.com,password259
user260@example.com,password260
user261@example.com,password261
user262@example.com,password262
user263@example.com,password263
user264@example.com,password264
user265@example.com,password265
user266@example.com,password266
user267@example.com,password267
user268@example.com,password268
user269@example.com,password269
user270@example.com,password270
user271@example.com,password271
user272@example.com,password272
user273@example.com,password273
user274@example.com,password274
user275@example.com,password275
user276@example.com,password276
user277@example.com,password277
user278@example.com,password278
user279@example.com,password279
user280@example.com,password280
user281@example.com,password281
user282@example.com,password282
user283@example.com,password283
user284@example.com,password284
user285@example.com,password285
user286@example.com,password286
user287@example.com,password287
user288@example.com,password288
user289@example.com,password289
user290@example.com,password290
user291@example.com,password291
user292@example.com,password292
user293@example.com,password293
user294@example.com,password294
user295@example.com,password295
user296@example.com,password296
user297@example.com,password297
user298@example.com,password298
user299@example.com,password299
user300@example.com,password300
user301@example.com,password301
user302@example.com,password302
user303@example.com,password303
user304@example.com,password304
user305@example.com,password305
user306@example.com,password306
user307@example.com,password307
user308@example.com,password308
user309@example.com,password309
user310@example.com,password310
user311@example.com,password311
user312@example.com,password312
user313@example.com,password313
user314@example.com,password314
user315@example.com,password315
user316@example.com,password316
user317@example.com,password317
user318@example.com,password318
user319@example.com,password319
user320@example.com,password320
user321@example.com,password321
user322@example.com,password322
user323@example.com,password323
user324@example.com,password324
user325@example.com,password325
user326@example.com,password326
user327@example.com,password327
user328@example.com,password328
user329@example.com,password329
user330@example.com,password330
user331@example.com,password331
user332@example.com,password332
user333@example.com,password333
user334@example.com,password334
user335@example.com,password335
user336@example.com,password336
user337@example.com,password337
user338@example.com,password338
user339@example.com,password339
user340@example.com,password340
user341@example.com,password341
user342@example.com,password342
user343@example.com,password343
user344@example.com,password344
user345@example.com,password345
user346@example.com,password346
user347@example.com,password347
user348@example.com,password348
user349@example.com,password349
user350@example.com,password350
user351@example.com,password351
user352@example.com,password352
user353@example.com,password353
user354@example.com,password354
user355@example.com,password355
user356@example.com,password356
user357@example.com,password357
user358@example.com,password358
user359@example.com,password359
user360@example.com,password360
user361@example.com,password361
user362@example.com,password362
user363@example.com,password363
user364@example.com,password364
user365@example.com,password365
user366@example.com,password366
user367@example.com,password367
user368@example.com,password368
user369@example.com,password369
user370@example.com,password370
user371@example.com,password371
user372@example.com,password372
user373@example.com,password373
user374@example.com,password374
user375@example.com,password375
user376@example.com,password376
user377@example.com,password377
user378@example.com,password378
user379@example.com,password379
user380@example.com,password380
user381@example.com,password381
user382@example.com,password382
user383@example.com,password383
user384@example.com,password384
user385@example.com,password385
user386@example.com,password386
user387@example.com,password387
user388@example.com,password388
user389@example.com,password389
user390@example.com,password390
user391@example.com,password391
user392@example.com,password392
user393@example.com,password393
user394@example.com,password394
user395@example.com,password395
user396@example.com,password396
user397@example.com,password397
user398@example.com,password398
user399@example.com,password399
user400@example.com,password400
user401@example.com,password401
user402@example.com,password402
user403@example.com,password403
user404@example.com,password404
user405@example.com,password405
user406@example.com,password406
user407@example.com,password407
user408@example.com,password408
user409@example.com,password409
user410@example.com,password410
user411@example.com,password411
user412@example.com,password412
user413@example.com,password413
user414@example.com,password414
user415@example.com,password415
user416@example.com,password416
user417@example.com,password417
user418@example.com,password418
user419@example.com,password419
user420@example.com,password420
user421@example.com,password421
user422@example.com,password422
user423@example.com,password423
user424@example.com,password424
user425@example.com,password425
user426@example.com,password426
user427@example.com,password427
user428@example.com,password428
user429@example.com,password429
user430@example.com,password430
user431@example.com,password431
user432@example.com,password432
user433@example.com,password433
user434@example.com,password434
user435@example.com,password435
user436@example.com,password436
user437@example.com,password437
user438@example.com,password438
user439@example.com,password439
user440@example.com,password440
user441@example.com,password441
user442@example.com,password442
user443@example.com,password443
user444@example.com,password444
user445@example.com,password445
user446@example.com,password446
user447@example.com,password447
user448@example.com,password448
user449@example.com,password449
user450@example.com,password450
user451@example.com,password451
user452@example.com,password452
user453@example.com,password453
user454@example.com,password454
user455@example.com,password455
user456@example.com,password456
user457@example.com,password457
user458@example.com,password458
user459@example.com,password459
user460@example.com,password460
user461@example.com,password461
user462@example.com,password462
user463@example.com,password463
user464@example.com,password464
user465@example.com,password465
user466@example.com,password466
user467@example.com,password467
user468@example.com,password468
user469@example.com,password469
user470@example.com,password470
user471@example.com,password471
user472@example.com,password472
user473@example.com,password473
user474@example.com,password474
user475@example.com,password475
user476@example.com,password476
user477@example.com,password477
user478@example.com,password478
user479@example.com,password479
user480@example.com,password480
user481@example.com,password481
user482@example.com,password482
user483@example.com,password483
user484@example.com,password484
user485@example.com,password485
user486@example.com,password486
user487@example.com,password487
user488@example.com,password488
user489@example.com,password489
user490@example.com,password490
user491@example.com,password491
user492@example.com,password492
user493@example.com,password493
user494@example.com,password494
user495@example.com,password495
user496@example.com,password496
user497@example.com,password497
user498@example.com,password498
user499@example.com,password499
user500@example.com,password500
user501@example.com,password501
user502@example.com,password502
user503@example.com,password503
user504@example.com,password504
user505@example.com,password505
user506@example.com,password506
user507@example.com,password507
user508@example.com,password508
user509@example.com,password509
user510@example.com,password510
user511@example.com,password511
user512@example.com,password512
user513@example.com,password513
user514@example.com,password514
user515@example.com,password515
user516@example.com,password516
user517@example.com,password517
user518@example.com,password518
user519@example.com,password519
user520@example.com,password520
user521@example.com,password521
user522@example.com,password522
user523@example.com,password523
user524@example.com,password524
user525@example.com,password525
user526@example.com,password526
user527@example.com,password527
user528@example.com,password528
user529@example.com,password529
user530@example.com,password530
user531@example.com,password531
user532@example.com,password532
user533@example.com,password533
user534@example.com,password534
user535@example.com,password535
user536@example.com,password536
user537@example.com,password537
user538@example.com,password538
user539@example.com,password539
user540@example.com,password540
user541@example.com,password541
user542@example.com,password542
user543@example.com,password543
user544@example.com,password544
user545@example.com,password545
user546@example.com,password546
user547@example.com,password547
user548@example.com,password548
user549@example.com,password549
user550@example.com,password550
user551@example.com,password551
user552@example.com,password552
user553@example.com,password553
user554@example.com,password554
user555@example.com,password555
user556@example.com,password556
user557@example.com,password557
user558@example.com,password558
user559@example.com,password559
user560@example.com,password560
user561@example.com,password561
user562@example.com,password562
user563@example.com,password563
user564@example.com,password564
user565@example.com,password565
user566@example.com,password566
user567@example.com,password567
user568@example.com,password568
user569@example.com,password569
user570@example.com,password570
user571@example.com,password571
user572@example.com,password572
user573@example.com,password573
user574@example.com,password574
user575@example.com,password575
user576@example.com,password576
user577@example.com,password577
user578@example.com,password578
user579@example.com,password579
user580@example.com,password580
user581@example.com,password581
user582@example.com,password582
user583@example.com,password583
user584@example.com,password584
user585@example.com,password585
user586@example.com,password586
user587@example.com,password587
user588@example.com,password588
user589@example.com,password589
user590@example.com,password590
user591@example.com,password591
user592@example.com,password592
user593@example.com,password593
user594@example.com,password594
user595@example.com,password595
user596@example.com,password596
user597@example.com,password597
user598@example.com,password598
user599@example.com,password599
user600@example.com,password600
user601@example.com,password601
user602@example.com,password602
user603@example.com,password603
user604@example.com,password604
user605@example.com,password605
user606@example.com,password606
user607@example.com,password607
user608@example.com,password608
user609@example.com,password609
user610@example.com,password610
user611@example.com,password611
user612@example.com,password612
user613@example.com,password613
user614@example.com,password614
user615@example.com,password615
user616@example.com,password616
user617@example.com,password617
user618@example.com,password618
user619@example.com,password619
user620@example.com,password620
user621@example.com,password621
user622@example.com,password622
user623@example.com,password623
user624@example.com,password624
user625@example.com,password625
user626@example.com,password626
user627@example.com,password627
user628@example.com,password628
user629@example.com,password629
user630@example.com,password630
user631@example.com,password631
user632@example.com,password632
user633@example.com,password633
user634@example.com,password634
user635@example.com,password635
user636@example.com,password636
user637@example.com,password637
user638@example.com,password638
user639@example.com,password639
user640@example.com,password640
user641@example.com,password641
user642@example.com,password642
user643@example.com,password643
user644@example.com,password644
user645@example.com,password645
user646@example.com,password646
user647@example.com,password647
user648@example.com,password648
user649@example.com,password649
user650@example.com,password650
user651@example.com,password651
user652@example.com,password652
user653@example.com,password653
user654@example.com,password654
user655@example.com,password655
user656@example.com,password656
user657@example.com,password657
user658@example.com,password658
user659@example.com,password659
user660@example.com,password660
user661@example.com,password661
user662@example.com,password662
user663@example.com,password663
user664@example.com,password664
user665@example.com,password665
user666@example.com,password666
user667@example.com,password667
user668@example.com,password668
user669@example.com,password669
user670@example.com,password670
user671@example.com,password671
user672@example.com,password672
user673@example.com,password673
user674@example.com,password674
user675@example.com,password675
user676@example.com,password676
user677@example.com,password677
user678@example.com,password678
user679@example.com,password679
user680@example.com,password680
user681@example.com,password681
user682@example.com,password682
user683@example.com,password683
user684@example.com,password684
user685@example.com,password685
user686@example.com,password686
user687@example.com,password687
user688@example.com,password688
user689@example.com,password689
user690@example.com,password690
user691@example.com,password691
user692@example.com,password692
user693@example.com,password693
user694@example.com,password694
user695@example.com,password695
user696@example.com,password696
user697@example.com,password697
user698@example.com,password698
user699@example.com,password699
user700@example.com,password700
user701@example.com,password701
user702@example.com,password702
user703@example.com,password703
user704@example.com,password704
user705@example.com,password705
user706@example.com,password706
user707@example.com,password707
user708@example.com,password708
user709@example.com,password709
user710@example.com,password710
user711@example.com,password711
user712@example.com,password712
user713@example.com,password713
user714@example.com,password714
user715@example.com,password715
user716@example.com,password716
user717@example.com,password717
user718@example.com,password718
user719@example.com,password719
user720@example.com,password720
user721@example.com,password721
user722@example.com,password722
user723@example.com,password723
user724@example.com,password724
user725@example.com,password725
user726@example.com,password726
user727@example.com,password727
user728@example.com,password728
user729@example.com,password729
user730@example.com,password730
user731@example.com,password731
user732@example.com,password732
user733@example.com,password733
user734@example.com,password734
user735@example.com,password735
user736@example.com,password736
user737@example.com,password737
user738@example.com,password738
user739@example.com,password739
user740@example.com,password740
user741@example.com,password741
user742@example.com,password742
user743@example.com,password743
user744@example.com,password744
user745@example.com,password745
user746@example.com,password746
user747@example.com,password747
user748@example.com,password748
user749@example.com,password749
user750@example.com,password750
user751@example.com,password751
user752@example.com,password752
user753@example.com,password753
user754@example.com,password754
user755@example.com,password755
user756@example.com,password756
user757@example.com,password757
user758@example.com,password758
user759@example.com,password759
user760@example.com,password760
user761@example.com,password761
user762@example.com,password762
user763@example.com,password763
user764@example.com,password764
user765@example.com,password765
user766@example.com,password766
user767@example.com,password767
user768@example.com,password768
user769@example.com,password769
user770@example.com,password770
user771@example.com,password771
user772@example.com,password772
user773@example.com,password773
user774@example.com,password774
user775@example.com,password775
user776@example.com,password776
user777@example.com,password777
user778@example.com,password778
user779@example.com,password779
user780@example.com,password780
user781@example.com,password781
user782@example.com,password782
user783@example.com,password783
user784@example.com,password784
user785@example.com,password785
user786@example.com,password786
user787@example.com,password787
user788@example.com,password788
user789@example.com,password789
user790@example.com,password790
user791@example.com,password791
user792@example.com,password792
user793@example.com,password793
user794@example.com,password794
user795@example.com,password795
user796@example.com,password796
user797@example.com,password797
user798@example.com,password798
user799@example.com,password799
user800@example.com,password800
user801@example.com,password801
user802@example.com,password802
user803@example.com,password803
user804@example.com,password804
user805@example.com,password805
user806@example.com,password806
user807@example.com,password807
user808@example.com,password808
user809@example.com,password809
user810@example.com,password810
user811@example.com,password811
user812@example.com,password812
user813@example.com,password813
user814@example.com,password814
user815@example.com,password815
user816@example.com,password816
user817@example.com,password817
user818@example.com,password818
user819@example.com,password819
user820@example.com,password820
user821@example.com,password821
user822@example.com,password822
user823@example.com,password823
user824@example.com,password824
user825@example.com,password825
user826@example.com,password826
user827@example.com,password827
user828@example.com,password828
user829@example.com,password829
user830@example.com,password830
user831@example.com,password831
user832@example.com,password832
user833@example.com,password833
user834@example.com,password834
user835@example.com,password835
user836@example.com,password836
user837@example.com,password837
user838@example.com,password838
user839@example.com,password839
user840@example.com,password840
user841@example.com,password841
user842@example.com,password842
user843@example.com,password843
user844@example.com,password844
user845@example.com,password845
user846@example.com,password846
user847@example.com,password847
user848@example.com,password848
user849@example.com,password849
user850@example.com,password850
user851@example.com,password851
user852@example.com,password852
user853@example.com,password853
user854@example.com,password854
user855@example.com,password855
user856@example.com,password856
user857@example.com,password857
user858@example.com,password858
user859@example.com,password859
user860@example.com,password860
user861@example.com,password861
user862@example.com,password862
user863@example.com,password863
user864@example.com,password864
user865@example.com,password865
user866@example.com,password866
user867@example.com,password867
user868@example.com,password868
user869@example.com,password869
user870@example.com,password870
user871@example.com,password871
user872@example.com,password872
user873@example.com,password873
user874@example.com,password874
user875@example.com,password875
user876@example.com,password876
user877@example.com,password877
user878@example.com,password878
user879@example.com,password879
user880@example.com,password880
user881@example.com,password881
user882@example.com,password882
user883@example.com,password883
user884@example.com,password884
user885@example.com,password885
user886@example.com,password886
user887@example.com,password887
user888@example.com,password888
user889@example.com,password889
user890@example.com,password890
user891@example.com,password891
user892@example.com,password892
user893@example.com,password893
user894@example.com,password894
user895@example.com,password895
user896@example.com,password896
user897@example.com,password897
user898@example.com,password898
user899@example.com,password899
user900@example.com,password900
user901@example.com,password901
user902@example.com,password902
user903@example.com,password903
user904@example.com,password904
user905@example.com,password905
user906@example.com,password906
user907@example.com,password907
user908@example.com,password908
user909@example.com,password909
user910@example.com,password910
user911@example.com,password911
user912@example.com,password912
user913@example.com,password913
user914@example.com,password914
user915@example.com,password915
user916@example.com,password916
user917@example.com,password917
user918@example.com,password918
user919@example.com,password919
user920@example.com,password920
user921@example.com,password921
user922@example.com,password922
user923@example.com,password923
user924@example.com,password924
user925@example.com,password925
user926@example.com,password926
user927@example.com,password927
user928@example.com,password928
user929@example.com,password929
user930@example.com,password930
user931@example.com,password931
user932@example.com,password932
user933@example.com,password933
user934@example.com,password934
user935@example.com,password935
user936@example.com,password936
user937@example.com,password937
user938@example.com,password938
user939@example.com,password939
user940@example.com,password940
user941@example.com,password941
user942@example.com,password942
user943@example.com,password943
user944@example.com,password944
user945@example.com,password945
user946@example.com,password946
user947@example.com,password947
user948@example.com,password948
user949@example.com,password949
user950@example.com,password950
user951@example.com,password951
user952@example.com,password952
user953@example.com,password953
user954@example.com,password954
user955@example.com,password955
user956@example.com,password956
user957@example.com,password957
user958@example.com,password958
user959@example.com,password959
user960@example.com,password960
user961@example.com,password961
user962@example.com,password962
user963@example.com,password963
user964@example.com,password964
user965@example.com,password965
user966@example.com,password966
user967@example.com,password967
user968@example.com,password968
user969@example.com,password969
user970@example.com,password970
user971@example.com,password971
user972@example.com,password972
user973@example.com,password973
user974@example.com,password974
user975@example.com,password975
user976@example.com,password976
user977@example.com,password977
user978@example.com,password978
user979@example.com,password979
user980@example.com,password980
user981@example.com,password981
user982@example.com,password982
user983@example.com,password983
user984@example.com,password984
user985@example.com,password985
user986@example.com,password986
user987@example.com,password987
user988@example.com,password988
user989@example.com,password989
user990@example.com,password990
user991@example.com,password991
user992@example.com,password992
user993@example.com,password993
user994@example.com,password994
user995@example.com,password995
user996@example.com,password996
user997@example.com,password997
user998@example.com,password998
user999@example.com,password999
user1000@example.com,password1000
